step,actor_loss,critic_loss,rewards
240,0.276212215423584,0.8879009485244751,-114.52919999999935
