step,actor_loss,critic_loss,rewards
240,0.05561721324920654,0.0012924234615638852,-0.7600000000000008
480,0.0553780160844326,0.0012186310486868024,-0.7000000000000008
