step,actor_loss,critic_loss,rewards
240,0.7549561858177185,0.936687171459198,-111.15079999999955
480,0.8558998107910156,0.8796787858009338,-103.0864000000009
