step,actor_loss,critic_loss,rewards
240,0.07797671854496002,0.003385776886716485,-4.559999999999994
