step,actor_loss,critic_loss,rewards
240,1.0550849437713623,0.44329342246055603,-273.559999999999
