step,actor_loss,critic_loss,rewards
240,-0.016459904611110687,0.0016305085737258196,-1.1690000000000007
