step,actor_loss,critic_loss,rewards
240,-0.09350397437810898,0.001241990365087986,-0.6000000000000005
480,-0.09434319287538528,0.00033057216205634177,-0.8760000000000003
