step,actor_loss,critic_loss,rewards
240,1.01615309715271,0.881062924861908,-159.49999999999923
