step,actor_loss,critic_loss,rewards
240,0.9693138599395752,0.5367408394813538,-97.86000000000044
480,1.225911021232605,0.5127635598182678,-95.94000000000042
